[
  {"name": "Mumbai", "state": "Maharashtra", "lat": 19.0760, "lng": 72.8777},
  {"name": "Delhi", "state": "Delhi", "lat": 28.7041, "lng": 77.1025},
  {"name": "Bangalore", "state": "Karnataka", "lat": 12.9716, "lng": 77.5946},
  {"name": "Hyderabad", "state": "Telangana", "lat": 17.3850, "lng": 78.4867},
  {"name": "Ahmedabad", "state": "Gujarat", "lat": 23.0225, "lng": 72.5714},
  {"name": "Chennai", "state": "Tamil Nadu", "lat": 13.0827, "lng": 80.2707},
  {"name": "Kolkata", "state": "West Bengal", "lat": 22.5726, "lng": 88.3639},
  {"name": "Surat", "state": "Gujarat", "lat": 21.1702, "lng": 72.8311},
  {"name": "Pune", "state": "Maharashtra", "lat": 18.5204, "lng": 73.8567},
  {"name": "Jaipur", "state": "Rajasthan", "lat": 26.9124, "lng": 75.7873},
  {"name": "Lucknow", "state": "Uttar Pradesh", "lat": 26.8467, "lng": 80.9462},
  {"name": "Kanpur", "state": "Uttar Pradesh", "lat": 26.4499, "lng": 80.3319},
  {"name": "Nagpur", "state": "Maharashtra", "lat": 21.1458, "lng": 79.0882},
  {"name": "Indore", "state": "Madhya Pradesh", "lat": 22.7196, "lng": 75.8577},
  {"name": "Thane", "state": "Maharashtra", "lat": 19.2183, "lng": 72.9781},
  {"name": "Bhopal", "state": "Madhya Pradesh", "lat": 23.2599, "lng": 77.4126},
  {"name": "Visakhapatnam", "state": "Andhra Pradesh", "lat": 17.6868, "lng": 83.2185},
  {"name": "Pimpri-Chinchwad", "state": "Maharashtra", "lat": 18.6285, "lng": 73.8090},
  {"name": "Patna", "state": "Bihar", "lat": 25.5941, "lng": 85.1376},
  {"name": "Vadodara", "state": "Gujarat", "lat": 22.3072, "lng": 73.1812},
  {"name": "Ghaziabad", "state": "Uttar Pradesh", "lat": 28.6692, "lng": 77.4538},
  {"name": "Ludhiana", "state": "Punjab", "lat": 30.9010, "lng": 75.8573},
  {"name": "Agra", "state": "Uttar Pradesh", "lat": 27.1767, "lng": 78.0081},
  {"name": "Nashik", "state": "Maharashtra", "lat": 19.9975, "lng": 73.7898},
  {"name": "Faridabad", "state": "Haryana", "lat": 28.4089, "lng": 77.3178},
  {"name": "Meerut", "state": "Uttar Pradesh", "lat": 28.9844, "lng": 77.7064},
  {"name": "Rajkot", "state": "Gujarat", "lat": 22.3039, "lng": 70.8022},
  {"name": "Kalyan-Dombivali", "state": "Maharashtra", "lat": 19.2323, "lng": 73.1309},
  {"name": "Vasai-Virar", "state": "Maharashtra", "lat": 19.3919, "lng": 72.8084},
  {"name": "Varanasi", "state": "Uttar Pradesh", "lat": 25.3176, "lng": 82.9739}
]